<?xml version="1.0" encoding="utf-8"?>

<eclipseColorThemeMapping plugin="com.googlecode.goclipse.ui" created="2014-11-26 12:00:00">
   <mappings>
      <mapping pluginKey="syntax_highlighting_text" themeKey="foreground" />
      <mapping pluginKey="syntax_highlighting_keyword" themeKey="keyword" />
      <mapping pluginKey="syntax_highlighting_value" themeKey="number" />
      <mapping pluginKey="syntax_highlighting_primitive" themeKey="number" />
      <mapping pluginKey="syntax_highlighting_comment" themeKey="multiLineComment" />
      <mapping pluginKey="syntax_highlighting_builtin_function" themeKey="method" />
      <mapping pluginKey="syntax_highlighting_string" themeKey="string" />
      <mapping pluginKey="syntax_highlighting_multiline_string" themeKey="string" />
      <mapping pluginKey="syntax_highlighting_operator" themeKey="operator" />
      <mapping pluginKey="syntax_highlighting_syntax_chars" themeKey="bracket" />
      <mapping pluginKey="syntax_highlighting_character" themeKey="string" />
   </mappings>
</eclipseColorThemeMapping>
