<?xml version="1.0" encoding="utf-8"?>
<eclipseColorThemeMapping plugin="com.adobe.flexide.as.core" created="2011-02-17 07:50:05">
    <mappings>
        <mapping pluginKey="asASDocColor" themeKey="javadoc" />
        <mapping pluginKey="asOperatorColor" themeKey="operator" />
        <mapping pluginKey="asVarColor" themeKey="localVariable" />
        <mapping pluginKey="asMetadataColor" themeKey="annotation" />
        <mapping pluginKey="asClassColor" themeKey="class" />
        <mapping pluginKey="asPackageColor" themeKey="interface" />
        <mapping pluginKey="asTraceColor" themeKey="staticMethod" />
        <mapping pluginKey="asBracketColor" themeKey="bracket" />
        <mapping pluginKey="asReservedColor" themeKey="keyword" />
        <mapping pluginKey="asTextColor" themeKey="foreground" />
        <mapping pluginKey="asCommentColor" themeKey="multiLineComment" />
        <mapping pluginKey="asStringColor" themeKey="string" />
        <mapping pluginKey="asInterfaceColor" themeKey="interface" />
        <mapping pluginKey="asFunctionColor" themeKey="method" />
    </mappings>
</eclipseColorThemeMapping>