<?xml version="1.0" encoding="utf-8"?>
<eclipseColorThemeMapping plugin="org.eclipse.ui.editors" created="2011-02-02 16:32:34">
    <mappings>
        <mapping pluginKey="AbstractTextEditor.Color.Foreground" themeKey="foreground" />
        <mapping pluginKey="AbstractTextEditor.Color.Background" themeKey="background" />
        <mapping pluginKey="AbstractTextEditor.Color.SelectionForeground" themeKey="selectionForeground" />
        <mapping pluginKey="AbstractTextEditor.Color.SelectionBackground" themeKey="selectionBackground" />
        <mapping pluginKey="currentLineColor" themeKey="currentLine" />
        <mapping pluginKey="lineNumberColor" themeKey="lineNumber" />
        <mapping pluginKey="filteredSearchResultIndicationColor" themeKey="filteredSearchResultIndication" />
        <mapping pluginKey="occurrenceIndicationColor" themeKey="occurrenceIndication" />
        <mapping pluginKey="javaScriptOccurrenceIndicationColor" themeKey="occurrenceIndication" />
        <mapping pluginKey="deletionIndicationColor" themeKey="deletionIndication" />
        <mapping pluginKey="AbstractTextEditor.Color.FindScope" themeKey="findScope" />
        <mapping pluginKey="printMarginColor" themeKey="lineNumber" />
        <mapping pluginKey="writeOccurrenceIndicationColor" themeKey="writeOccurrenceIndication" />
        <mapping pluginKey="searchResultIndicationColor" themeKey="searchResultIndication" />
        <mapping pluginKey="PHPWriteOccurrenceIndicationColor" themeKey="writeOccurrenceIndication" />
        <mapping pluginKey="PHPReadOccurrenceIndicationColor" themeKey="occurrenceIndication" />
        <mapping pluginKey="currentIPColor" themeKey="debugCurrentInstructionPointer" />
        <mapping pluginKey="secondaryIPColor" themeKey="debugSecondaryInstructionPointer" />
        <mapping pluginKey="pydevOccurrenceIndicationColor" themeKey="occurrenceIndication" />
        <mapping pluginKey="matchingTagIndicationColor" themeKey="occurrenceIndication" />
        <mapping pluginKey="asOccurencesIndicationColor" themeKey="occurrenceIndication" />
        <mapping pluginKey="occurrenceAnnotation.color" themeKey="occurenceIndication" />
        <mapping pluginKey="org.eclipse.cdt.ui.occurrenceIndicationColor" themeKey="occurrenceIndication" />
    </mappings>
</eclipseColorThemeMapping>
