<?xml version="1.0" encoding="utf-8"?> 
<eclipseColorThemeMapping plugin="org.eclipse.wst.jsdt.ui" created="2011-02-09 00:43:56"> 
    <mappings> 
        <mapping pluginKey="java_default" themeKey="foreground" /> 
        <mapping pluginKey="java_single_line_comment" themeKey="singleLineComment" /> 
        <mapping pluginKey="java_multi_line_comment" themeKey="multiLineComment" /> 
        <mapping pluginKey="java_comment_task_tag" themeKey="commentTaskTag" /> 
        <mapping pluginKey="java_string" themeKey="string" /> 
        <mapping pluginKey="java_bracket" themeKey="bracket" /> 
        <mapping pluginKey="java_operator" themeKey="operator" /> 
        <mapping pluginKey="java_keyword_return" themeKey="keyword" /> 
        <mapping pluginKey="java_keyword" themeKey="keyword" /> 
        <mapping pluginKey="java_doc_default" themeKey="javadoc" /> 
        <mapping pluginKey="java_doc_link" themeKey="javadocLink" /> 
        <mapping pluginKey="java_doc_keyword" themeKey="javadocKeyword" /> 
        <mapping pluginKey="java_doc_tag" themeKey="javadocTag" /> 
        <mapping pluginKey="tagName" themeKey="method" /> 
    </mappings> 
    <semanticHighlightingMappings> 
        <semanticHighlightingMapping pluginKey="semanticHighlighting.methodDeclarationName" themeKey="methodDeclaration" /> 
        <semanticHighlightingMapping pluginKey="semanticHighlighting.localVariable" themeKey="localVariable" /> 
        <semanticHighlightingMapping pluginKey="semanticHighlighting.localVariableDeclaration" themeKey="localVariableDeclaration" /> 
    </semanticHighlightingMappings> 
</eclipseColorThemeMapping> 