<?xml version="1.0" encoding="utf-8"?> 
<eclipseColorThemeMapping plugin="org.eclipse.cdt.ui" created="2011-02-09 00:42:38"> 
    <mappings> 
        <mapping pluginKey="c_default" themeKey="foreground" /> 
        <mapping pluginKey="c_braces" themeKey="bracket" /> 
        <mapping pluginKey="c_type" themeKey="keyword" /> 
        <mapping pluginKey="c_keyword" themeKey="keyword" /> 
        <mapping pluginKey="c_numbers" themeKey="number" /> 
        <mapping pluginKey="c_operators" themeKey="operator" /> 
        <mapping pluginKey="c_string" themeKey="string" /> 
        <mapping pluginKey="c_multi_line_comment" themeKey="multiLineComment" /> 
        <mapping pluginKey="c_single_line_comment" themeKey="singleLineComment" /> 
        <mapping pluginKey="c_comment_task_tag" themeKey="commentTaskTag" /> 
        <mapping pluginKey="asm_directive" themeKey="keyword" /> 
        <mapping pluginKey="asm_label" themeKey="foreground" /> 
        <mapping pluginKey="pp_directive" themeKey="keyword" /> 
        <mapping pluginKey="pp_header" themeKey="string" /> 
        <mapping pluginKey="pp_default" themeKey="foreground" /> 
        <mapping pluginKey="org.eclipse.cdt.internal.ui.text.doctools.multi" themeKey="javadoc" /> 
        <mapping pluginKey="org.eclipse.cdt.internal.ui.text.doctools.single" themeKey="javadoc" /> 
        <mapping pluginKey="org.eclipse.cdt.internal.ui.text.doctools.recognizedTag" themeKey="javadocTag" />
        <mapping pluginKey="sourceHoverBackgroundColor" themeKey="sourceHoverBackground" /> 
        <mapping pluginKey="matchingBracketsColor" themeKey="occurenceIndication" />
        <mapping pluginKey="content_assist_parameters_foreground" themeKey="foreground" />
        <mapping pluginKey="content_assist_parameters_background" themeKey="background" />
        <mapping pluginKey="content_assist_proposals_foreground" themeKey="foreground" />
        <mapping pluginKey="content_assist_proposals_background" themeKey="background" />
        <mapping pluginKey="inactiveCodeColor" themeKey="occurrenceIndication" />
    </mappings> 
    <semanticHighlightingMappings> 
        <semanticHighlightingMapping pluginKey="semanticHighlighting.class" themeKey="class" /> 
        <semanticHighlightingMapping pluginKey="semanticHighlighting.enum" themeKey="enum" /> 
        <semanticHighlightingMapping pluginKey="semanticHighlighting.enumerator" themeKey="staticFinalField" /> 
        <semanticHighlightingMapping pluginKey="semanticHighlighting.externalSDK" themeKey="staticMethod" /> 
        <semanticHighlightingMapping pluginKey="semanticHighlighting.field" themeKey="field" /> 
        <semanticHighlightingMapping pluginKey="semanticHighlighting.functionDeclaration" themeKey="methodDeclaration" /> 
        <semanticHighlightingMapping pluginKey="semanticHighlighting.function" themeKey="method" /> 
        <semanticHighlightingMapping pluginKey="semanticHighlighting.localVariableDeclaration" themeKey="localVariableDeclaration" /> 
        <semanticHighlightingMapping pluginKey="semanticHighlighting.localVariable" themeKey="localVariable" /> 
        <semanticHighlightingMapping pluginKey="semanticHighlighting.typeParameter" themeKey="typeParameter" /> 
        <semanticHighlightingMapping pluginKey="semanticHighlighting.parameterVariable" themeKey="parameterVariable" /> 
        <semanticHighlightingMapping pluginKey="semanticHighlighting.macroDefinition" themeKey="methodDeclaration" /> 
        <semanticHighlightingMapping pluginKey="semanticHighlighting.methodDeclaration" themeKey="methodDeclaration" /> 
        <semanticHighlightingMapping pluginKey="semanticHighlighting.method" themeKey="method" /> 
        <semanticHighlightingMapping pluginKey="semanticHighlighting.namespace" themeKey="interface" /> 
        <semanticHighlightingMapping pluginKey="semanticHighlighting.staticMethod" themeKey="staticMethod" /> 
        <semanticHighlightingMapping pluginKey="semanticHighlighting.staticField" themeKey="staticField" /> 
        <semanticHighlightingMapping pluginKey="semanticHighlighting.typedef" themeKey="class" /> 
    </semanticHighlightingMappings> 
</eclipseColorThemeMapping>