<?xml version="1.0" encoding="utf-8"?>
<colorTheme id="25" name="Havenjark" modified="2011-01-26 11:19:13" author="Rodrigo Franco" website="https://github.com/caffo">
    <searchResultIndication color="#464467" />
    <filteredSearchResultIndication color="#3F3F6A" />
    <occurrenceIndication color="#616161" />
    <writeOccurrenceIndication color="#948567" />
    <findScope color="#B9A185" />
    <sourceHoverBackground color="#A19879" />
    <singleLineComment color="#AEAEAE" />
    <multiLineComment color="#AEAEAE" />
    <commentTaskTag color="#ACC1AC" />
    <javadoc color="#B3B5AF" />
    <javadocLink color="#A893CC" />
    <javadocTag color="#9393CC" />
    <javadocKeyword color="#CC9393" />
    <class color="#B8ADA0" />
    <interface color="#B8ADA0" />
    <method color="#DFBE95" />
    <methodDeclaration color="#DFBE95" />
    <bracket color="#FFFFFF" />
    <number color="#B9A185" />
    <string color="#CC9393" />
    <operator color="#F0EFD0" />
    <keyword color="#A38474" />
    <annotation color="#808080" />
    <staticMethod color="#C4C4B7" />
    <localVariable color="#A19A83" />
    <localVariableDeclaration color="#A19A83" />
    <field color="#B3B784" />
    <staticField color="#93A2CC" />
    <staticFinalField color="#93A2CC" />
    <deprecatedMember color="#F3D651" />
    <inheritedMethod color="#C0B6A8" />
    <abstractMethod color="#C0B6A8" />
    <parameterVariable color="#A19A83" />
    <typeArgument color="#C0B6A8" />
    <typeParameter color="#C0B6A8" />
    <constant color="#93A2CC" />
    <background color="#2D3639" />
    <currentLine color="#00001F" />
    <foreground color="#C0B6A8" />
    <lineNumber color="#C0C0C0" />
    <selectionBackground color="#2A4750" />
    <selectionForeground color="#C0B6A8" />
</colorTheme>