<?xml version="1.0" encoding="utf-8"?>
<colorTheme id="4" name="Inkpot" modified="2011-01-23 10:11:14" author="Ciaran McCreesh" website="http://www.vim.org/scripts/script.php?script_id=1143">
    <occurrenceIndication color="#616161" />
    <sourceHoverBackground color="#FFFFFF" />
    <singleLineComment color="#CD8B00" />
    <multiLineComment color="#CD8B00" />
    <commentTaskTag color="#FF8BFF" />
    <class color="#87CEFA" />
    <interface color="#87FAC4" />
    <method color="#87CEFA" />
    <methodDeclaration color="#CFBFAD" />
    <bracket color="#CFBFAD" />
    <number color="#FFCD8B" />
    <string color="#FFCD8B" />
    <operator color="#CFBFAD" />
    <keyword color="#808BED" />
    <background color="#1F1F27" />
    <currentLine color="#2D2D44" />
    <foreground color="#CFBFAD" />
    <lineNumber color="#2B91AF" />
    <selectionBackground color="#8B8BFF" />
    <selectionForeground color="#404040" />
</colorTheme>