<?xml version="1.0" encoding="utf-8"?>
<colorTheme id="29" name="Schuss" modified="2011-01-26 17:47:43" author="Vasil Stoychev">
    <searchResultIndication color="#CC6633" />
    <filteredSearchResultIndication color="#CC6633" />
    <occurrenceIndication color="#CC6633" />
    <writeOccurrenceIndication color="#CC6633" />
    <findScope color="#BCADAD" />
    <deletionIndication color="#9b5656" />
    <sourceHoverBackground color="#EEEEEE" />
    <singleLineComment color="#d7d3cc" />
    <multiLineComment color="#d5d9e5" />
    <commentTaskTag color="#d7d3cc" />
    <javadoc color="#05314d" />
    <javadocLink color="#05314d" />
    <javadocTag color="#05314d" />
    <javadocKeyword color="#CC9393" />
    <class color="#ca3349" />
    <interface color="#ca3349" />
    <method color="#797a8a" />
    <methodDeclaration color="#4f6d8f" />
    <bracket color="#000f6a" />
    <number color="#d0321f" />
    <string color="#585545" />
    <operator color="#5f97a9" />
    <keyword color="#606060" />
    <annotation color="#808080" />
    <staticMethod color="#797a8a" />
    <localVariable color="#2b6488" />
    <localVariableDeclaration color="#ca3349" />
    <field color="#566874" />
    <staticField color="#464646" />
    <staticFinalField color="#464646" />
    <deprecatedMember color="#ab2525" />
    <enum color="#135a20" />
    <inheritedMethod color="#2c577c" />
    <abstractMethod color="#2c577c" />
    <parameterVariable color="#5c8198" />
    <typeArgument color="#d07fcd" />
    <typeParameter color="#d07fcd" />
    <constant color="#ae25ab" />
    <background color="#FFFFFF" />
    <currentLine color="#fff7cd" />
    <foreground color="#430400" />
    <lineNumber color="#999999" />
    <selectionBackground color="#f4fdff" />
    <selectionForeground color="#FFFFFF" />
</colorTheme>