<?xml version="1.0" encoding="utf-8"?>
<colorTheme id="1115" name="Solarized Dark" modified="2014-05-21 09:28:10" author="Ethan Schoonover, Miguel Cervantes" website="http://ethanschoonover.com/solarized">
    <searchResultIndication color="#073642" />
    <filteredSearchResultIndication color="#073642" />
    <occurrenceIndication color="#073642" />
    <writeOccurrenceIndication color="#073642" />
    <findScope color="#E0E2E4" />
    <deletionIndication color="#E0E2E4" />
    <sourceHoverBackground color="#FFFFFF" />
    <singleLineComment color="#586E75" bold="false" italic="true" />
    <multiLineComment color="#586E75" italic="true" />
    <commentTaskTag color="#D33682" bold="true" />
    <javadoc color="#7D8C93" />
    <javadocLink color="#268BD2" bold="true" underline="true" strikethrough="false" />
    <javadocTag color="#DC322F" />
    <javadocKeyword color="#A082BD" />
    <class color="#678CB1" />
    <interface color="#678CB1" />
    <method color="#678CB1" />
    <methodDeclaration color="#268BD2" />
    <bracket color="#DC322F" />
    <number color="#2AA198" />
    <string color="#2AA198" />
    <operator color="#B58900" />
    <keyword color="#B58900" />
    <annotation color="#CB4B16" />
    <staticMethod color="#E0E2E4" />
    <localVariable color="#268BD2" />
    <localVariableDeclaration color="#268BD2" />
    <field color="#678CB1" />
    <staticField color="#678CB1" />
    <staticFinalField color="#E0E2E4" />
    <deprecatedMember color="#E0E2E4" />
    <enum color="#E0E2E4" />
    <inheritedMethod color="#E0E2E4" />
    <abstractMethod color="#E0E2E4" />
    <parameterVariable color="#E0E2E4" />
    <typeArgument color="#B58900" />
    <typeParameter color="#B58900" />
    <constant color="#2AA198" />
    <background color="#002B36" />
    <currentLine color="#073642" />
    <foreground color="#839496" />
    <lineNumber color="#657B83" />
    <selectionBackground color="#073642" />
    <selectionForeground color="#93A1A1" />
</colorTheme>
