<?xml version="1.0" encoding="utf-8"?>
<colorTheme id="66" name="Sublime Text 2" modified="2011-01-29 11:20:12" author="Filip Minev">
    <searchResultIndication color="#D8D8D8" />
    <filteredSearchResultIndication color="#D8D8D8" />
    <occurrenceIndication color="#000000" />
    <writeOccurrenceIndication color="#000000" />
    <findScope color="#000000" />
    <deletionIndication color="#FF0000" />
    <sourceHoverBackground color="#FFFFFF" />
    <singleLineComment color="#FFFFFF" />
    <multiLineComment color="#FFFFFF" />
    <commentTaskTag color="#FFFFFF" />
    <javadoc color="#FFFFFF" />
    <javadocLink color="#CFBFAD" />
    <javadocTag color="#CFBFAD" />
    <javadocKeyword color="#D9E577" />
    <class color="#52E3F6" />
    <interface color="#52E3F6" />
    <method color="#A7EC21" />
    <methodDeclaration color="#A7EC21" />
    <bracket color="#F9FAF4" />
    <number color="#C48CFF" />
    <string color="#ECE47E" />
    <operator color="#FF007F" />
    <keyword color="#FF007F" />
    <annotation color="#FFFFFF" />
    <staticMethod color="#A7EC21" />
    <localVariable color="#CFBFAD" />
    <localVariableDeclaration color="#CFBFAD" />
    <field color="#CFBFAD" />
    <staticField color="#CFBFAD" />
    <staticFinalField color="#CFBFAD" />
    <deprecatedMember color="#FF0000" />
    <inheritedMethod color="#BED6FF" />
    <abstractMethod color="#BED6FF" />
    <parameterVariable color="#79ABFF" />
    <typeArgument color="#BFA4A4" />
    <typeParameter color="#BFA4A4" />
    <background color="#272822" />
    <currentLine color="#5B5A4E" />
    <foreground color="#CFBFAD" />
    <lineNumber color="#999999" />
    <selectionBackground color="#CC9900" />
    <selectionForeground color="#404040" />
</colorTheme>